Country Name,Event,Language,Region,annotation_id,no GG detected,region_specification,Theme_Combined,Year,Cumulative CO2,GDP_capita,Annual_Capita_CO2_Consumption,HDI,HDI_Level,LDC,SIDS
Niger,COP26,translated,Africa,349,Yes,,AG,2021,0.003009983,590.629494752737,0.120342515,0.394,Low,Yes,No
Togo,COP28,translated,Africa,601,Yes,,AG,2022,0.0040171626,942.649901579536,0.2910665,0.547,Low,Yes,No
Lesotho,COP24,en,Africa,35,Yes,,NG,2018,0.0036465374,1162.97885412072,1.0785148,0.521,Low,Yes,No
Mauritius,COP24,en,Africa,42,Yes,,NG,2018,0.0065982714,11643.4605962124,3.442285,0.796,High,No,Yes
Sierra Leone,COP24,en,Africa,53,Yes,,NG,2018,0.0021231025,519.649963861622,0.13091838,0.458,Low,Yes,No
Uganda,COP24,en,Africa,65,Yes,,NG,2018,0.0058410955,793.128082237434,0.13303499,0.55,Medium,Yes,No
Djibouti,COP24,translated,Africa,76,Yes,,NG,2018,0.0011195865,2755.83829341814,0.4113473,0.515,Low,Yes,No
Gabon,COP24,translated,Africa,77,,,NG,2018,0.017115233,7694.90605067973,2.497233,0.693,Medium,No,No
Morocco,COP24,translated,Africa,82,Yes,,NG,2018,0.098612614,3492.67260742188,1.7343042,0.698,Medium,No,No
Algeria,COP25,translated,Africa,108,Yes,LDC,NG,2019,0.27347794,4021.9832660524,4.18161,0.745,High,No,No
Liberia,COP25,en,Africa,135,Yes,,NG,2019,0.0029036046,665.878447568436,0.2045213,0.487,Low,Yes,No
Malawi,COP25,en,Africa,138,Yes,,NG,2019,0.0029238262,584.362867276266,0.08673756,0.508,Low,Yes,No
Mauritius,COP25,en,Africa,142,Yes,,NG,2019,0.006723121,11403.2527870674,3.4879518,0.796,High,No,Yes
Rwanda,COP25,en,Africa,153,Yes,,NG,2019,0.00169222,806.100820273159,0.10695215,0.548,Low,Yes,No
Uganda,COP25,en,Africa,168,Yes,,NG,2019,0.0060555553,823.024732902811,0.13345863,0.55,Medium,Yes,No
Burundi,COP25,translated,Africa,181,Yes,,NG,2019,0.0007336756,216.972970900616,0.058007695,0.42,Low,Yes,No
Djibouti,COP25,translated,Africa,182,Yes,,NG,2019,0.0011216251,2876.04366371536,0.4177071,0.515,Low,Yes,No
Madagascar,COP25,translated,Africa,184,Yes,,NG,2019,0.005566124,512.27966560241,0.15459047,0.487,Low,Yes,No
Algeria,COP26,translated,Africa,219,Yes,,NG,2021,0.28233275,3700.31469728198,4.079527,0.745,High,No,No
Tunisia,COP26,translated,Africa,225,Yes,,NG,2021,0.055371575,3807.18410896841,2.8740463,0.732,High,No,No
Eswatini,COP26,en,Africa,256,Yes,,NG,2021,0.0024235297,4068.57381550966,0.9489723,0.61,Medium,No,No
Gambia,COP26,en,Africa,258,Yes,,NG,2021,0.00088165904,772.151450503284,0.2867638,0.495,Low,Yes,No
Guinea-Bissau,COP26,en,Africa,263,Yes,,NG,2021,0.000602383,795.118605039186,0.15579237,0.483,Low,Yes,Yes
Kenya,COP26,en,Africa,271,Yes,,NG,2021,0.02933929,2069.66112881918,0.46141472,0.601,Medium,No,No
Mauritius,COP26,en,Africa,280,Yes,,NG,2021,0.0068999296,9068.98018051209,3.1494038,0.796,High,No,Yes
Rwanda,COP26,en,Africa,295,Yes,,NG,2021,0.0017907287,821.171394808138,0.11539575,0.548,Low,Yes,No
South Africa,COP26,en,Africa,303,Yes,,NG,2021,1.2361414,7073.61275411821,7.1663837,0.717,High,No,No
South Sudan,COP26,en,Africa,305,Yes,,NG,2021,0.0023904166,4136.14657516013,0.17157483,0.381,Low,Yes,No
Zambia,COP26,en,Africa,320,Yes,,NG,2021,0.014952743,1134.71345424991,0.44487745,0.569,Medium,Yes,No
Burkina Faso,COP26,translated,Africa,334,Yes,,NG,2021,0.0043130214,888.781078836766,0.2659974,0.438,Low,Yes,No
Central African Republic,COP26,translated,Africa,336,Yes,,NG,2021,,461.137510956047,0.04567115,0.387,Low,Yes,No
Djibouti,COP26,translated,Africa,341,Yes,,NG,2021,0.0011234509,3062.55148207643,0.41140705,0.515,Low,Yes,No
Gabon,COP26,translated,Africa,342,Yes,,NG,2021,0.017034737,8635.7971442819,2.5117075,0.693,Medium,No,No
Sao Tome and Principe,COP26,translated,Africa,350,Yes,,NG,2021,0.00020766749,2350.45270097134,0.6530446,0.613,Medium,Yes,Yes
Angola,COP27,en,Africa,399,Yes,,NG,2022,0.03829815,3000.44423053173,0.45155162,0.591,Medium,Yes,No
Eritrea,COP27,en,Africa,419,Yes,,NG,2022,0.0010403047,,0.18914719,0.493,Low,Yes,No
Eswatini,COP27,en,Africa,420,Yes,,NG,2022,0.0024441017,3986.88663743798,1.0527312,0.61,Medium,No,No
Gambia,COP27,en,Africa,422,Yes,,NG,2022,0.0009066433,808.278281490135,0.2847278,0.495,Low,Yes,No
Guinea,COP27,en,Africa,426,Yes,,NG,2022,0.00553954,1515.16794777584,0.35742033,0.471,Low,Yes,No
Namibia,COP27,en,Africa,446,Yes,,NG,2022,0.0046462673,5031.11503011478,1.5399038,0.61,Medium,No,No
Niger,COP27,en,Africa,449,Yes,,NG,2022,0.003119408,585.404929171026,0.116688,0.394,Low,Yes,No
Somalia,COP27,en,Africa,462,Yes,,NG,2022,0.0019194863,592.103121972088,0.03676208,0.38,Low,Yes,No
South Sudan,COP27,en,Africa,463,Yes,,NG,2022,0.0024437523,4136.14657516013,0.1680176,0.381,Low,Yes,No
Zimbabwe,COP27,en,Africa,474,Yes,,NG,2022,0.04505099,1676.82148896726,0.542628,0.55,Medium,No,No
Central African Republic,COP27,translated,Africa,481,Yes,,NG,2022,,427.058096191269,0.040548485,0.387,Low,Yes,No
Congo,COP27,translated,Africa,482,Yes,,NG,2022,0.009715495,2649.22502230642,1.2447897,0.593,Medium,No,No
Côte d'Ivoire,COP27,translated,Africa,483,Yes,,NG,2022,,2486.41219394248,0.41668788,0.534,Low,No,No
Gabon,COP27,translated,Africa,484,Yes,,NG,2022,0.016999606,8820.34733682316,2.3882635,0.693,Medium,No,No
Madagascar,COP27,translated,Africa,486,Yes,,NG,2022,0.0059366305,516.592615982213,0.14871116,0.487,Low,Yes,No
Cape Verde,COP28,en,Africa,513,Yes,,NG,2022,,3754.30479371603,0.9588915,0.661,Medium,No,Yes
Djibouti,COP28,en,Africa,520,Yes,,NG,2022,0.0011254633,3136.11276804873,0.40418932,0.515,Low,Yes,No
Gambia,COP28,en,Africa,524,Yes,,NG,2022,0.0009066433,808.278281490135,0.2847278,0.495,Low,Yes,No
Guinea,COP28,en,Africa,525,Yes,,NG,2022,0.00553954,1515.16794777584,0.35742033,0.471,Low,Yes,No
Liberia,COP28,en,Africa,538,Yes,,NG,2022,0.0028667962,754.532842914744,0.1653753,0.487,Low,Yes,No
Seychelles,COP28,en,Africa,561,Yes,,NG,2022,0.00084190554,13250.4558332375,6.1495123,0.802,Very High,No,Yes
Sierra Leone,COP28,en,Africa,562,Yes,,NG,2022,0.002189047,475.795727844622,0.13124847,0.458,Low,Yes,No
Zambia,COP28,en,Africa,579,Yes,,NG,2022,0.015142661,1456.90157015445,0.44570068,0.569,Medium,Yes,No
Equatorial Guinea,COP28,translated,Africa,582,Yes,,NG,2022,0.008128993,7182.26538205027,3.0307202,0.65,Medium,No,No
Burkina Faso,COP28,translated,Africa,591,Yes,,NG,2022,,830.03715033429,0.26295447,0.438,Low,Yes,No
Congo,COP28,translated,Africa,595,Yes,,NG,2022,0.009715495,2649.22502230642,1.2447897,0.593,Medium,No,No
Côte d'Ivoire,COP28,translated,Africa,597,Yes,,NG,2022,,2486.41219394248,0.41668788,0.534,Low,No,No
Madagascar,COP28,translated,Africa,599,Yes,,NG,2022,0.0059366305,516.592615982213,0.14871116,0.487,Low,Yes,No
Mali,COP28,translated,Africa,600,Yes,,NG,2022,0.004838656,833.297255093071,0.31153768,0.41,Low,Yes,No
Niger,COP25,en,Africa,147,,,S_dom,2019,0.0027879868,549.81612778082,0.10720992,0.394,Low,Yes,No
Zambia,COP25,en,Africa,171,,,S_dom,2019,0.014588068,1268.12094056241,0.421688,0.569,Medium,Yes,No
Cameroon,COP26,translated,Africa,335,,,S_dom,2021,0.016157184,1654.25703730592,0.37861246,0.587,Medium,No,No
Congo,COP26,translated,Africa,338,,,S_dom,2021,0.009495261,2540.47321153317,1.2433366,0.593,Medium,No,No
Mali,COP26,translated,Africa,346,,,S_dom,2021,0.0045366944,881.510088733585,0.31628212,0.41,Low,Yes,No
Ethiopia,COP27,en,Africa,421,Yes,Africa,S_dom,2022,0.016937496,1027.58591095964,0.15458965,0.492,Low,Yes,No
Zambia,COP27,en,Africa,473,,,S_dom,2022,0.015142661,1456.90157015445,0.44570068,0.569,Medium,Yes,No
Congo,COP28,translated,Africa,594,,,S_dom,2022,0.009715495,2649.22502230642,1.2447897,0.593,Medium,No,No
Eritrea,COP28,en,Africa,521,,,S_dom AG,2022,0.0010403047,,0.18914719,0.493,Low,Yes,No
Angola,COP26,en,Africa,229,,,S_dom W_int,2021,0.03819199,1927.47407832091,0.50735646,0.591,Medium,Yes,No
Uganda,COP26,en,Africa,316,,,S_dom W_int,2021,0.006472777,883.465728077878,0.13200122,0.55,Medium,Yes,No
Mozambique,COP27,en,Africa,445,,,S_dom W_int,2022,0.010814975,558.298606448221,0.24274588,0.461,Low,Yes,No
Algeria,COP27,translated,Africa,391,,,S_int,2022,0.28636345,4342.63796796522,3.9272263,0.745,High,No,No
Libya,COP28,translated,Africa,491,,,S_int,2022,0.13252126,6716.09598462328,9.242238,0.746,High,No,No
Kenya,COP28,en,Africa,534,,"[""Africa"",""Africa""]",S_int,2022,0.03012629,2099.30193826696,0.45998666,0.601,Medium,No,No
Zimbabwe,COP28,en,Africa,580,,,S_int,2022,0.04505099,1676.82148896726,0.542628,0.55,Medium,No,No
Morocco,COP28,translated,Africa,589,,,S_int,2022,0.105966136,3441.99145507813,1.8263615,0.698,Medium,No,No
Sao Tome and Principe,COP28,translated,Africa,602,,,S_int,2022,0.00021077585,2386.6961758184,0.5816142,0.613,Medium,Yes,Yes
Seychelles,COP26,en,Africa,299,,,S_reg,2021,0.0008219678,12963.0589802139,6.2225175,0.802,Very High,No,Yes
Ghana,COP27,en,Africa,424,,Africa,S_reg,2022,0.021915862,2203.55893518303,0.6215505,0.602,Medium,No,No
Kenya,COP27,en,Africa,435,,Africa,S_reg AG,2022,0.03012629,2099.30193826696,0.45998666,0.601,Medium,No,No
Liberia,COP26,en,Africa,275,,Africa,S_reg W_dom,2021,0.0028776315,675.66318584916,0.16660595,0.487,Low,Yes,No
Algeria,COP24,translated,Africa,7,,LDC,S_reg W_int,2018,0.26872766,4171.79038755546,4.0850997,0.745,High,No,No
Kenya,COP24,en,Africa,32,,,W_dom,2018,0.027230984,1845.7834137515,0.37711197,0.601,Medium,No,No
Malawi,COP24,en,Africa,40,,,W_dom,2018,0.0028898027,537.932204050438,0.093806386,0.508,Low,Yes,No
Burundi,COP24,translated,Africa,75,,,W_dom,2018,0.0007080385,232.060616627711,0.05612558,0.42,Low,Yes,No
Morocco,COP25,translated,Africa,111,,Africa,W_dom,2019,0.10054885,3498.58276367188,1.8935199,0.698,Medium,No,No
Guinea,COP25,en,Africa,127,,,W_dom,2019,0.0050416985,1043.89988618266,0.3044799,0.471,Low,Yes,No
Gabon,COP25,translated,Africa,183,,,W_dom,2019,0.017060332,7523.86228077637,2.4193206,0.693,Medium,No,No
Niger,COP25,translated,Africa,186,,,W_dom,2019,0.0027879868,549.81612778082,0.10720992,0.394,Low,Yes,No
Egypt,COP26,en,Africa,254,,,W_dom,2021,0.3871523,3886.7224983901,2.2595594,0.728,High,No,No
Zimbabwe,COP26,en,Africa,321,,,W_dom,2021,0.045505,1773.92041090285,0.5249723,0.55,Medium,No,No
Chad,COP26,translated,Africa,337,,LDC,W_dom,2021,0.0024521956,685.690315037547,0.14357351,0.394,Low,Yes,No
Madagascar,COP26,translated,Africa,345,,,W_dom,2021,0.005809988,503.352081190858,0.1475559,0.487,Low,Yes,No
Sudan,COP27,translated,Africa,397,,,W_dom,2022,0.028248997,1102.146484375,0.4696261,0.516,Low,Yes,No
Angola,COP28,en,Africa,499,,,W_dom,2022,0.03829815,3000.44423053173,0.45155162,0.591,Medium,Yes,No
Malawi,COP28,en,Africa,540,,,W_dom,2022,0.0030849797,645.158692067185,0.10262384,0.508,Low,Yes,No
Burundi,COP28,translated,Africa,592,,,W_dom,2022,0.00082024164,259.025031363515,0.06194545,0.42,Low,Yes,No
Mali,COP24,translated,Africa,80,,,W_dom AG,2018,0.0036613573,856.356596550603,0.24624196,0.41,Low,Yes,No
Tunisia,COP24,translated,Africa,10,,,W_int,2018,0.05329325,3577.17534204669,2.6090631,0.732,High,No,No
Rwanda,COP24,en,Africa,49,,,W_int,2018,0.0016463688,768.943661203909,0.10273057,0.548,Low,Yes,No
South Africa,COP24,en,Africa,56,,,W_int,2018,1.2373605,7067.72416484458,7.5905123,0.717,High,No,No
Ghana,COP25,en,Africa,126,,,W_int,2019,0.019688636,2167.92544000869,0.5208505,0.602,Medium,No,No
Namibia,COP26,en,Africa,283,,,W_int,2021,0.004517969,4919.18895548026,1.4751465,0.61,Medium,No,No
Côte d'Ivoire,COP26,translated,Africa,339,,,W_int,2021,,2613.3788930684,0.42686108,0.534,Low,No,No
Mauritania,COP26,translated,Africa,347,,,W_int,2021,0.00471545,1998.39400265586,0.96533614,0.54,Low,Yes,No
Togo,COP26,translated,Africa,352,,,W_int,2021,0.003954756,976.666183129642,0.29565188,0.547,Low,Yes,No
Tunisia,COP28,translated,Africa,496,,,W_int,2022,0.056218024,3747.41939149283,2.879285,0.732,High,No,No
Namibia,COP28,en,Africa,548,,,W_int,2022,0.0046462673,5031.11503011478,1.5399038,0.61,Medium,No,No
Uganda,COP28,en,Africa,577,,,W_int,2022,0.006676806,964.39586947645,0.12744623,0.55,Medium,Yes,No
Ghana,COP24,en,Africa,25,,LDC,W_reg,2018,0.019127693,2180.02968425645,0.49216223,0.602,Medium,No,No
Liberia,COP24,en,Africa,36,,LDC,W_reg,2018,0.002907041,700.037039377706,0.08626178,0.487,Low,Yes,No
Niger,COP24,translated,Africa,83,,Africa,W_reg,2018,0.0026969714,568.599659746618,0.079877935,0.394,Low,Yes,No
Lesotho,COP25,en,Africa,134,,LDC,W_reg,2019,0.003708936,1061.22335618067,1.073333,0.521,Low,Yes,No
Libya,COP26,translated,Africa,221,,,W_reg,2021,0.13173024,5908.9513231651,9.491187,0.746,High,No,No
Cyprus,COP26,en,Asia,250,Yes,,AG,2021,0.017299684,32745.84375,5.6497326,0.907,Very High,No,No
Palestine,COP27,translated,Asia,395,Yes,,AG,2022,0.0037837059,3789.32796575153,0.6660658,0.716,High,No,No
Malaysia,COP28,en,Asia,541,Yes,,AG,2022,0.36603746,11993.1876132994,8.576508,0.807,Very High,No,No
Nepal,COP28,en,Asia,549,Yes,,AG,2022,0.010935361,1336.54604729847,0.5074035,0.601,Medium,Yes,No
Oman,COP24,translated,Asia,9,Yes,,NG,2018,0.0741708,19887.5743113149,14.373644,0.819,Very High,No,No
Cambodia,COP24,en,Asia,19,Yes,,NG,2018,0.007979142,1533.31598466079,0.8694936,0.6,Medium,Yes,No
Israel,COP24,en,Asia,28,Yes,,NG,2018,0.13892809,42406.8454263606,7.0934634,0.915,Very High,No,No
Sri Lanka,COP24,en,Asia,59,Yes,,NG,2018,0.027947687,4360.58473469252,0.93124175,0.78,High,No,No
Thailand,COP24,en,Asia,62,Yes,,NG,2018,0.41066635,7124.55881041403,4.0539184,0.803,Very High,No,No
Bhutan,COP25,en,Asia,117,Yes,,NG,2019,0.0010962724,3564.59877168289,1.9005703,0.681,Medium,No,No
Indonesia,COP25,en,Asia,128,Yes,,NG,2019,0.82705534,4151.22755440796,2.4144928,0.713,High,No,No
Israel,COP25,en,Asia,130,Yes,,NG,2019,0.1393608,44452.2325623093,6.8145585,0.915,Very High,No,No
Maldives,COP25,en,Asia,140,Yes,,NG,2019,0.0013958883,11349.8592642235,3.870847,0.762,High,No,Yes
Philippines,COP25,en,Asia,150,Yes,,NG,2019,0.19558878,3413.84904430419,1.3060241,0.71,High,No,No
Sri Lanka,COP25,en,Asia,161,Yes,,NG,2019,0.028601594,4082.69404871533,0.98071545,0.78,High,No,No
Thailand,COP25,en,Asia,166,Yes,,NG,2019,0.41846484,7628.57603307351,3.95287,0.803,Very High,No,No
Oman,COP26,translated,Asia,222,Yes,,NG,2021,0.08078324,19509.4664633867,15.677213,0.819,Very High,No,No
Syria,COP26,translated,Asia,224,Yes,,NG,2021,0.11069602,420.622705161108,1.2763344,0.557,Medium,No,No
Indonesia,COP26,en,Asia,226,Yes,,NG,2021,0.8632295,4334.2159826606,2.2499223,0.713,High,No,No
Jordan,COP26,en,Asia,227,Yes,,NG,2021,0.04142869,4152.75795426388,2.0332546,0.736,High,No,No
Azerbaijan,COP26,en,Asia,234,Yes,,NG,2021,0.14412785,5408.04535175023,3.7170222,0.76,High,No,No
Bahrain,COP26,en,Asia,236,,,NG,2021,0.056088913,26850.0033915702,26.052996,0.888,Very High,No,No
Iran,COP26,en,Asia,266,Yes,,NG,2021,1.1039877,4084.20030479458,7.825858,0.78,High,No,No
Malaysia,COP26,en,Asia,278,Yes,,NG,2021,0.3571023,11134.6229528189,8.3059,0.807,Very High,No,No
Nepal,COP26,en,Asia,285,Yes,,NG,2021,0.010276412,1229.39420516246,0.52033556,0.601,Medium,Yes,No
Pakistan,COP26,en,Asia,289,Yes,,NG,2021,0.30275145,1506.10829305917,0.96563566,0.54,Low,No,No
Philippines,COP26,en,Asia,291,Yes,,NG,2021,0.20337373,3460.53938169242,1.253542,0.71,High,No,No
Sri Lanka,COP26,en,Asia,307,Yes,,NG,2021,0.029765397,3996.57199501251,0.92399746,0.78,High,No,No
Lebanon,COP27,translated,Asia,393,Yes,,NG,2022,0.043743912,4136.14657516013,4.3543963,0.723,High,No,No
Oman,COP27,translated,Asia,394,Yes,,NG,2022,0.08315092,25056.7948608378,15.730261,0.819,Very High,No,No
Yemen,COP27,translated,Asia,398,Yes,,NG,2022,0.03878309,650.272218434766,0.33701748,0.424,Low,Yes,No
Azerbaijan,COP27,en,Asia,404,Yes,,NG,2022,0.14325464,7762.0738285884,3.6746833,0.76,High,No,No
Cambodia,COP27,en,Asia,413,Yes,,NG,2022,0.011684355,1759.60802346044,1.1900775,0.6,Medium,Yes,No
Georgia,COP27,en,Asia,423,Yes,,NG,2022,0.038502216,6674.95695994589,2.962545,0.814,Very High,No,No
Indonesia,COP27,en,Asia,430,Yes,,NG,2022,0.88625413,4787.99930771921,2.6456614,0.713,High,No,No
Kazakhstan,COP27,en,Asia,434,Yes,,NG,2022,0.8024235,11492.031938762,13.979704,0.802,Very High,No,No
Malaysia,COP27,en,Asia,440,Yes,,NG,2022,0.36603746,11993.1876132994,8.576508,0.807,Very High,No,No
Nepal,COP27,en,Asia,447,Yes,,NG,2022,0.010935361,1336.54604729847,0.5074035,0.601,Medium,Yes,No
Sri Lanka,COP27,en,Asia,464,Yes,,NG,2022,0.030119024,3354.38340757565,0.7936504,0.78,High,No,No
Kyrgyzstan,COP28,translated,Asia,490,Yes,,NG,2022,0.048550326,1655.07269765044,1.4251612,0.701,High,No,No
Palestine,COP28,translated,Asia,493,Yes,,NG,2022,0.0037837059,3789.32796575153,0.6660658,0.716,High,No,No
Jordan,COP28,en,Asia,498,Yes,,NG,2022,0.04185297,4311.00004622061,2.0301995,0.736,High,No,No
Armenia,COP28,en,Asia,501,Yes,,NG,2022,0.02198284,7018.05150434798,2.3045583,0.786,High,No,No
Azerbaijan,COP28,en,Asia,504,Yes,,NG,2022,0.14325464,7762.0738285884,3.6746833,0.76,High,No,No
Bhutan,COP28,en,Asia,510,Yes,,NG,2022,0.001200218,3560.19770457687,1.3489918,0.681,Medium,No,No
Laos,COP28,en,Asia,536,Yes,LDC,NG,2022,0.01126494,2054.43078086496,3.0803475,0.62,Medium,Yes,No
Maldives,COP28,en,Asia,542,Yes,,NG,2022,0.0015960827,11780.8169102421,3.2475724,0.762,High,No,Yes
Philippines,COP28,en,Asia,555,Yes,,NG,2022,0.2075953,3498.5098055874,1.3014648,0.71,High,No,No
Tajikistan,COP28,en,Asia,570,Yes,,NG,2022,0.027830021,1054.18948358818,1.0064901,0.679,Medium,No,No
Thailand,COP28,en,Asia,571,Yes,,NG,2022,0.43842116,6909.9562847948,3.7762568,0.803,Very High,No,No
Turkey,COP28,en,Asia,574,Yes,,NG,2022,0.6648424,10674.5041731531,5.1052055,0.855,Very High,No,No
Turkmenistan,COP28,en,Asia,575,Yes,,NG,2022,0.14197806,8792.5485039672,11.03418,0.744,High,No,No
Armenia,COP24,en,Asia,14,,,S_dom,2018,0.022323562,4391.92326991474,2.0538187,0.786,High,No,No
Japan,COP24,en,Asia,31,,,S_dom,2018,3.9016821,39751.1330982711,9.042501,0.92,Very High,No,No
Laos,COP24,en,Asia,34,,,S_dom,2018,0.0070038806,2553.36186646266,2.893467,0.62,Medium,Yes,No
Malaysia,COP25,en,Asia,139,,,S_dom,2019,0.3395757,11132.1027429418,8.154313,0.807,Very High,No,No
Brunei,COP26,en,Asia,245,,,S_dom,2021,0.022506531,31448.9127482937,25.375603,0.823,Very High,No,No
Kyrgyzstan,COP26,en,Asia,272,Yes,,S_dom,2021,0.049045023,1365.50830399287,1.4451864,0.701,High,No,No
Laos,COP26,en,Asia,273,,,S_dom,2021,0.010169801,2535.62343413571,3.1470437,0.62,Medium,Yes,No
Thailand,COP26,en,Asia,312,,,S_dom,2021,0.4322062,7060.89770696418,3.7320516,0.803,Very High,No,No
Qatar,COP27,translated,Asia,396,,,S_dom,2022,0.13029923,87661.4501457275,37.601273,0.875,Very High,No,No
Bangladesh,COP27,en,Asia,406,,LDC,S_dom,2022,0.09983512,2688.30550090738,0.5964455,0.67,Medium,Yes,No
India,COP27,en,Asia,429,,,S_dom,2022,3.3697212,2410.88802070689,1.9966822,0.644,Medium,No,No
Japan,COP27,en,Asia,433,,,S_dom,2022,3.820641,34017.2718075024,8.501681,0.92,Very High,No,No
Laos,COP27,en,Asia,437,Yes,,S_dom,2022,0.01126494,2054.43078086496,3.0803475,0.62,Medium,Yes,No
Singapore,COP27,en,Asia,459,,,S_dom,2022,0.12355065,82807.6290622897,8.911513,0.949,Very High,No,Yes
Brunei,COP28,en,Asia,512,Yes,,S_dom,2022,0.022641486,37152.4769749763,23.950201,0.823,Very High,No,No
Cambodia,COP28,en,Asia,514,,,S_dom,2022,0.011684355,1759.60802346044,1.1900775,0.6,Medium,Yes,No
India,COP28,en,Asia,528,,,S_dom,2022,3.3697212,2410.88802070689,1.9966822,0.644,Medium,No,No
Vietnam,COP28,en,Asia,578,,,S_dom,2022,0.28334227,4163.51429874522,3.4995174,0.726,High,No,No
North Korea,COP27,en,Asia,418,,,S_dom AG,2022,,32422.5744864287,1.9513915,,,No,No
Georgia,COP24,en,Asia,24,,,S_dom W_int,2018,0.03927724,4722.0424231414,2.6674635,0.814,Very High,No,No
Laos,COP25,en,Asia,133,,,S_dom W_int,2019,0.00802198,2598.50552320723,2.7085655,0.62,Medium,Yes,No
Kuwait,COP26,translated,Asia,220,,,S_dom W_int,2021,0.20437664,32324.8409043988,24.301199,0.847,Very High,No,No
Qatar,COP26,translated,Asia,223,,LDC,S_dom W_int,2021,0.12724951,66858.7417226715,39.884155,0.875,Very High,No,No
Vietnam,COP26,en,Asia,319,,,S_dom W_int,2021,0.26961046,3756.48890080884,3.6171148,0.726,High,No,No
Bahrain,COP27,translated,Asia,392,,,S_dom W_int,2022,0.057045482,30146.925026365,25.672274,0.888,Very High,No,No
Uzbekistan,COP27,translated,Asia,488,,,S_dom W_int,2022,0.36568823,2255.15115496772,3.4830604,0.727,High,No,No
Mongolia,COP28,en,Asia,546,,,S_dom W_int,2022,0.043265168,5045.50470031666,11.150772,0.741,High,No,No
Kuwait,COP24,translated,Asia,8,,LDC,S_dom W_reg,2018,0.19900462,32012.1875249538,24.44828,0.847,Very High,No,No
Armenia,COP26,en,Asia,231,,LDC,S_dom W_reg,2021,0.02208417,4972.78320361917,2.53107,0.786,High,No,No
Pakistan,COP24,en,Asia,46,,,S_int,2018,0.28427866,1620.74259148331,0.93323416,0.54,Low,No,No
Saudi Arabia,COP24,en,Asia,52,,,S_int,2018,0.921042,24175.5833140113,19.615448,0.875,Very High,No,No
Singapore,COP24,en,Asia,54,,,S_int,2018,0.122488864,66836.521995236,8.6052475,0.949,Very High,No,Yes
Bahrain,COP25,translated,Asia,109,,,S_int,2019,0.053971406,25869.1129129041,25.152763,0.888,Very High,No,No
North Korea,COP25,en,Asia,123,,,S_int,2019,,31902.4169048194,2.048663,,,No,No
Japan,COP25,en,Asia,132,,,S_int,2019,3.8812091,40415.9567649547,8.780706,0.92,Very High,No,No
Pakistan,COP25,en,Asia,149,,,S_int,2019,0.29033455,1437.1658330724,0.9228277,0.54,Low,No,No
Singapore,COP25,en,Asia,156,,,S_int,2019,0.121792205,66070.4868123062,5.7579384,0.949,Very High,No,Yes
South Korea,COP25,en,Asia,160,,,S_int,2019,1.0646176,31902.4169048194,12.472093,0.929,Very High,No,No
United Arab Emirates,COP26,en,Asia,228,,,S_int,2021,0.30108762,44332.3400513163,25.333178,0.937,Very High,No,No
Cambodia,COP26,en,Asia,247,,LDC,S_int,2021,0.010784766,1625.23502147979,1.2134761,0.6,Medium,Yes,No
Mongolia,COP26,en,Asia,281,,,S_int,2021,0.042007953,4566.14013029182,11.4274645,0.741,High,No,No
Brunei,COP27,en,Asia,412,,,S_int,2022,0.022641486,37152.4769749763,23.950201,0.823,Very High,No,No
Thailand,COP27,en,Asia,468,,,S_int,2022,0.43842116,6909.9562847948,3.7762568,0.803,Very High,No,No
Japan,COP28,en,Asia,531,,,S_int,2022,3.820641,34017.2718075024,8.501681,0.92,Very High,No,No
South Korea,COP24,en,Asia,57,,LDC,S_reg,2018,1.049142,33447.1562836166,12.968438,0.929,Very High,No,No
Cambodia,COP25,en,Asia,119,,,S_reg,2019,0.008896513,1671.3854000919,1.1241276,0.6,Medium,Yes,No
Japan,COP26,en,Asia,269,,Asia,S_reg,2021,3.8417022,40058.5373276179,8.523455,0.92,Very High,No,No
Kazakhstan,COP28,en,Asia,533,Yes,LDC,S_reg,2022,0.8024235,11492.031938762,13.979704,0.802,Very High,No,No
Singapore,COP28,en,Asia,563,,Asia,S_reg W_dom,2022,0.12355065,82807.6290622897,8.911513,0.949,Very High,No,Yes
Bangladesh,COP24,en,Asia,16,,,W_dom,2018,0.08449894,1963.41249219641,0.5043604,0.67,Medium,Yes,No
Nepal,COP24,en,Asia,45,,,W_dom,2018,0.008252982,1161.5343496373,0.5191309,0.601,Medium,Yes,No
Turkey,COP24,en,Asia,64,,,W_dom,2018,0.61977124,9568.83618958168,5.0967536,0.855,Very High,No,No
Afghanistan,COP25,en,Asia,112,,,W_dom,2019,0.011685668,497.741429257502,0.29340136,0.462,Low,Yes,No
Nepal,COP25,en,Asia,144,,,W_dom,2019,0.0088851135,1185.68231817311,0.47081903,0.601,Medium,Yes,No
Bangladesh,COP26,en,Asia,237,,,W_dom,2021,0.09608941,2457.92403936141,0.5831512,0.67,Medium,Yes,No
Uzbekistan,COP26,translated,Asia,355,,,W_dom,2021,0.36656636,1993.42447787206,3.4149938,0.727,High,No,No
Bahrain,COP28,translated,Asia,489,,,W_dom,2022,0.057045482,30146.925026365,25.672274,0.888,Very High,No,No
Oman,COP28,translated,Asia,492,,,W_dom,2022,0.08315092,25056.7948608378,15.730261,0.819,Very High,No,No
Bhutan,COP26,en,Asia,242,,,W_dom AG,2021,0.0011650942,3560.19770457687,1.3661479,0.681,Medium,No,No
Indonesia,COP24,en,Asia,27,,,W_int,2018,0.80587566,3902.661675559,2.224542,0.713,High,No,No
Armenia,COP25,en,Asia,113,,,W_int,2019,0.022204287,4828.50488626598,2.2279305,0.786,High,No,No
Georgia,COP25,en,Asia,125,,,W_int,2019,0.03905717,4696.15058555612,2.8870666,0.814,Very High,No,No
Tajikistan,COP25,en,Asia,165,,,W_int,2019,0.027891973,889.023371804416,0.94856703,0.679,Medium,No,No
Georgia,COP26,en,Asia,259,,,W_int,2021,0.038687184,5023.27438368985,2.942033,0.814,Very High,No,No
Saudi Arabia,COP26,en,Asia,298,,,W_int,2021,0.9755812,24315.6185511873,17.564127,0.875,Very High,No,No
Singapore,COP26,en,Asia,300,,,W_int,2021,0.12312696,77710.0892373091,9.397426,0.949,Very High,No,Yes
China,COP26,en,Asia,354,,,W_int,2021,14.358465,12617.5051041181,7.9502664,0.788,High,No,No
Armenia,COP27,en,Asia,401,,,W_int,2022,0.02198284,7018.05150434798,2.3045583,0.786,High,No,No
Mongolia,COP27,en,Asia,444,,,W_int,2022,0.043265168,5045.50470031666,11.150772,0.741,High,No,No
Saudi Arabia,COP28,translated,Asia,495,,,W_int,2022,0.9925099,30447.8837074473,18.197495,0.875,Very High,No,No
Cyprus,COP28,en,Asia,517,,,W_int,2022,0.017333673,32048.240234375,5.616782,0.907,Very High,No,No
India,COP24,en,Asia,26,,LDC,W_reg,2018,3.02439,1974.3777314935,1.8941209,0.644,Medium,No,No
Kuwait,COP25,translated,Asia,110,,"[""LDC"",""LDC""]",W_reg,2019,0.20111904,30666.2371314234,24.519451,0.847,Very High,No,No
Mongolia,COP25,en,Asia,143,,LDC,W_reg,2019,0.039293755,4394.94715044543,14.618863,0.741,High,No,No
South Korea,COP26,en,Asia,304,,,W_reg,2021,1.0904891,35142.264267481,11.886425,0.929,Very High,No,No
Tajikistan,COP26,en,Asia,311,,,W_reg,2021,0.02784854,916.691967061922,1.0236204,0.679,Medium,No,No
South Korea,COP28,en,Asia,567,,LDC,W_reg,2022,1.1015382,32422.5744864287,11.598764,0.929,Very High,No,No
San Marino,COP24,en,Europe,51,,,AG,2018,,48464.5246477919,,0.867,Very High,No,No
North Macedonia,COP26,en,Europe,288,Yes,,AG,2021,0.029864555,6778.56287821774,3.6555693,0.765,High,No,No
Austria,COP27,en,Europe,403,Yes,,AG,2022,0.31785434,52084.6811953372,6.8781943,0.926,Very High,No,No
Croatia,COP27,en,Europe,414,Yes,,AG,2022,0.06466795,18570.4039968345,4.348515,0.878,Very High,No,No
Belarus,COP28,en,Europe,507,Yes,,AG,2022,0.2860479,7888.26371063212,6.1669006,0.801,Very High,No,No
Austria,COP24,en,Europe,15,Yes,,NG,2018,0.3305493,51466.5565633634,7.530316,0.926,Very High,No,No
Ukraine,COP24,en,Europe,66,Yes,,NG,2018,1.8551966,3096.5625,5.212142,0.734,High,No,No
Andorra,COP24,translated,Europe,74,Yes,,NG,2018,0.0008668719,42904.8115883352,6.5922117,0.884,Very High,No,No
Luxembourg,COP24,translated,Europe,79,Yes,,NG,2018,0.04522094,116786.511654677,15.748627,0.927,Very High,No,No
Monaco,COP24,translated,Europe,81,Yes,,NG,2018,,193968.090133158,,,,No,No
Austria,COP25,en,Europe,115,Yes,,NG,2019,0.32727507,50067.5857265892,7.6527734,0.926,Very High,No,No
Estonia,COP25,en,Europe,124,Yes,,NG,2019,0.09764243,23424.4847073518,9.286828,0.899,Very High,No,No
Ireland,COP25,en,Europe,129,Yes,,NG,2019,0.13165836,80848.3019020489,7.623691,0.95,Very High,No,No
Liechtenstein,COP25,en,Europe,136,Yes,,NG,2019,0.00055798545,167259.160311816,3.8707013,0.942,Very High,No,No
Slovakia,COP25,en,Europe,157,Yes,,NG,2019,0.23246881,19381.8905468746,6.1934304,0.855,Very High,No,No
Sweden,COP25,en,Europe,164,Yes,,NG,2019,0.29752538,51939.4297445291,3.9936066,0.952,Very High,No,No
Ukraine,COP25,en,Europe,169,Yes,,NG,2019,1.8272367,3661.45776367188,5.020078,0.734,High,No,No
Monaco,COP25,translated,Europe,185,Yes,,NG,2019,,199382.838585354,,,,No,No
Belarus,COP25,translated,Europe,187,Yes,,NG,2019,0.2940366,6837.76832136779,6.4189095,0.801,Very High,No,No
Belarus,COP26,en,Europe,239,Yes,,NG,2021,0.2887825,7489.71894713888,6.362195,0.801,Very High,No,No
Bosnia and Herzegovina,COP26,en,Europe,243,Yes,,NG,2021,0.05660572,7230.19883771887,6.0954695,0.779,High,No,No
Croatia,COP26,en,Europe,249,Yes,,NG,2021,0.06504232,17809.0323901126,4.288185,0.878,Very High,No,No
Finland,COP26,en,Europe,257,Yes,,NG,2021,0.18590486,53504.6936483441,6.8546104,0.942,Very High,No,No
Greece,COP26,en,Europe,260,Yes,,NG,2021,0.23816837,20310.6824798873,5.510225,0.893,Very High,No,No
Ireland,COP26,en,Europe,267,Yes,,NG,2021,0.1303971,102001.798249145,7.5297494,0.95,Very High,No,No
Netherlands,COP26,en,Europe,286,Yes,,NG,2021,0.6853165,58727.8705471475,7.993908,0.946,Very High,No,No
Portugal,COP26,en,Europe,292,Yes,,NG,2021,0.15284564,24661.1664874576,3.8812351,0.874,Very High,No,No
Romania,COP26,en,Europe,293,Yes,,NG,2021,0.49892467,14946.624968678,3.9936028,0.827,Very High,No,No
Slovakia,COP26,en,Europe,301,Yes,,NG,2021,0.22666682,21768.1486708026,6.4554424,0.855,Very High,No,No
Switzerland,COP26,translated,Europe,351,Yes,,NG,2021,0.17631823,93446.4344518943,4.117553,0.967,Very High,No,No
Bosnia and Herzegovina,COP27,en,Europe,411,Yes,,NG,2022,0.05653278,7568.79847995923,6.1034565,0.779,High,No,No
Czechia,COP27,en,Europe,416,Yes,,NG,2022,0.6867604,27226.6156386023,9.3357525,0.895,Very High,No,No
Denmark,COP27,en,Europe,417,Yes,,NG,2022,0.23364197,67790.0539923276,4.940161,0.952,Very High,No,No
Iceland,COP27,en,Europe,428,Yes,,NG,2022,0.009271943,73466.7786674708,9.499798,0.959,Very High,No,No
Ireland,COP27,en,Europe,431,Yes,,NG,2022,0.12985232,103983.29133582,7.7211185,0.95,Very High,No,No
Lithuania,COP27,en,Europe,439,Yes,,NG,2022,0.089155644,25064.808914729,4.606163,0.879,Very High,No,No
Malta,COP27,en,Europe,441,Yes,,NG,2022,0.0060534556,34127.5105566356,3.1035979,0.915,Very High,No,No
Norway,COP27,en,Europe,451,Yes,,NG,2022,0.15288605,108729.18690323,7.5093055,0.966,Very High,No,No
Russian Federation,COP27,en,Europe,455,Yes,,NG,2022,,15270.7060546875,11.416899,0.821,Very High,No,No
San Marino,COP27,en,Europe,457,Yes,,NG,2022,,54982.451714817,,0.867,Very High,No,No
Serbia,COP27,en,Europe,458,Yes,,NG,2022,0.16334416,9537.68286673128,6.024712,0.805,Very High,No,No
Slovakia,COP27,en,Europe,460,Yes,,NG,2022,0.22384347,21256.8084273666,6.051555,0.855,Very High,No,No
Spain,COP27,translated,Europe,478,Yes,,NG,2022,0.8629713,29674.5442864413,5.1644425,0.911,Very High,No,No
Andorra,COP27,translated,Europe,479,Yes,,NG,2022,0.00088510854,41992.7727779758,4.6171236,0.884,Very High,No,No
Monaco,COP27,translated,Europe,487,Yes,,NG,2022,,240862.18244774,,,,No,No
Germany,COP28,translated,Europe,497,Yes,,NG,2022,5.3013473,48717.9911402128,7.9837584,0.95,Very High,No,No
Austria,COP28,en,Europe,503,Yes,,NG,2022,0.31785434,52084.6811953372,6.8781943,0.926,Very High,No,No
Czechia,COP28,en,Europe,518,Yes,,NG,2022,,27226.6156386023,9.3357525,0.895,Very High,No,No
Denmark,COP28,en,Europe,519,Yes,,NG,2022,0.23364197,67790.0539923276,4.940161,0.952,Very High,No,No
Estonia,COP28,en,Europe,522,Yes,,NG,2022,0.0933311,28247.095992497,7.77628,0.899,Very High,No,No
Finland,COP28,en,Europe,523,Yes,,NG,2022,0.1840491,50871.9304508821,6.5267396,0.942,Very High,No,No
Ireland,COP28,en,Europe,529,Yes,,NG,2022,0.12985232,103983.29133582,7.7211185,0.95,Very High,No,No
Liechtenstein,COP28,en,Europe,539,Yes,,NG,2022,0.0005483788,197504.548936258,3.8097827,0.942,Very High,No,No
Malta,COP28,en,Europe,543,Yes,,NG,2022,0.0060534556,34127.5105566356,3.1035979,0.915,Very High,No,No
Netherlands,COP28,en,Europe,550,Yes,,NG,2022,0.6780269,57025.01245598,7.1372175,0.946,Very High,No,No
North Macedonia,COP28,en,Europe,553,Yes,,NG,2022,0.029666785,6591.47131411961,3.6245701,0.765,High,No,No
Romania,COP28,en,Europe,557,Yes,,NG,2022,0.49261692,15786.8017421977,3.739777,0.827,Very High,No,No
Slovakia,COP28,en,Europe,564,Yes,,NG,2022,0.22384347,21256.8084273666,6.051555,0.855,Very High,No,No
Slovenia,COP28,en,Europe,565,Yes,,NG,2022,0.050021242,28439.3340989687,5.9979916,0.926,Very High,No,No
Andorra,COP28,translated,Europe,590,Yes,,NG,2022,0.00088510854,41992.7727779758,4.6171236,0.884,Very High,No,No
Liechtenstein,COP24,en,Europe,37,,,S_dom,2018,0.0005615295,175286.679024684,3.7416568,0.942,Very High,No,No
Russian Federation,COP24,translated,Europe,85,,,S_dom,2018,,11287.3544921875,,0.821,Very High,No,No
Portugal,COP25,en,Europe,151,,,S_dom,2019,0.15453725,23330.817288932,4.6155887,0.874,Very High,No,No
Bulgaria,COP26,en,Europe,246,,,S_dom,2021,0.22299454,12219.3418706779,6.140389,0.799,High,No,No
Luxembourg,COP26,translated,Europe,344,,,S_dom,2021,0.043898005,133711.794435985,13.18523,0.927,Very High,No,No
Croatia,COP28,en,Europe,516,,,S_dom,2022,0.06466795,18570.4039968345,4.348515,0.878,Very High,No,No
Latvia,COP28,en,Europe,537,,,S_dom,2022,0.054399364,21779.5042572825,3.561689,0.879,Very High,No,No
Hungary,COP28,en,Europe,527,,,S_dom AG,2022,0.2880225,18390.1849993244,4.449911,0.851,Very High,No,No
Moldova,COP28,en,Europe,545,,,S_dom W_int,2022,0.07608996,5714.43048840294,1.6565942,0.763,High,No,No
North Macedonia,COP24,en,Europe,39,,,S_int,2018,0.030492885,6108.73917044261,3.156833,0.765,High,No,No
Romania,COP24,en,Europe,48,,,S_int,2018,0.5182902,12494.4235789649,4.0944867,0.827,Very High,No,No
Lithuania,COP25,en,Europe,137,,,S_int,2019,0.09258861,19615.5491450175,4.800764,0.879,Very High,No,No
Norway,COP25,en,Europe,148,,,S_int,2019,0.15550275,76430.5889473338,8.001257,0.966,Very High,No,No
Austria,COP26,en,Europe,233,,,S_int,2021,0.3211149,53517.8904509612,7.3994617,0.926,Very High,No,No
Belgium,COP26,en,Europe,240,,,S_int,2021,0.7285362,51850.3971840229,8.23914,0.942,Very High,No,No
Denmark,COP26,en,Europe,251,,,S_int,2021,0.23696843,69268.6517983134,5.057577,0.952,Very High,No,No
Estonia,COP26,en,Europe,255,,,S_int,2021,0.09473457,27943.701219882,7.8421664,0.899,Very High,No,No
Iceland,COP26,en,Europe,265,,,S_int,2021,0.009266296,68710.2442005473,9.477966,0.959,Very High,No,No
Latvia,COP26,en,Europe,274,,,S_int,2021,0.055183932,20930.3982374189,3.863811,0.879,Very High,No,No
Liechtenstein,COP26,en,Europe,276,,,S_int,2021,0.0005514777,197504.548936258,3.7350607,0.942,Very High,No,No
Russian Federation,COP26,en,Europe,294,,,S_int,2021,,12532.05078125,11.79849,0.821,Very High,No,No
Spain,COP26,translated,Europe,331,,,S_int,2021,0.867291,30488.8209528797,4.849112,0.911,Very High,No,No
Andorra,COP26,translated,Europe,333,,,S_int,2021,0.0008828138,42072.3194231234,4.5922055,0.884,Very High,No,No
Liechtenstein,COP27,en,Europe,438,,,S_int,2022,0.0005483788,197504.548936258,3.8097827,0.942,Very High,No,No
Moldova,COP27,en,Europe,443,,,S_int,2022,0.07608996,5714.43048840294,1.6565942,0.763,High,No,No
Portugal,COP27,en,Europe,453,,,S_int,2022,0.15198958,24515.2658507319,4.050785,0.874,Very High,No,No
Sweden,COP27,en,Europe,467,,,S_int,2022,0.2856258,56424.2846986686,3.6069093,0.952,Very High,No,No
Belgium,COP28,en,Europe,508,,Africa,S_int,2022,0.7183243,49926.8254295305,7.6875386,0.942,Very High,No,No
Sweden,COP28,en,Europe,569,,,S_int,2022,0.2856258,56424.2846986686,3.6069093,0.952,Very High,No,No
Luxembourg,COP28,translated,Europe,598,,,S_int,2022,0.04340254,125006.021815486,11.618432,0.927,Very High,No,No
Denmark,COP24,en,Europe,22,,,S_reg,2018,0.24736372,61591.9288698958,6.0015297,0.952,Very High,No,No
Bulgaria,COP25,en,Europe,118,,,S_reg,2019,0.22788359,9874.33632625168,5.9883013,0.799,High,No,No
Croatia,COP25,en,Europe,122,,,S_reg,2019,0.065789655,15120.9029026824,4.3240995,0.878,Very High,No,No
Romania,COP25,en,Europe,152,,,S_reg,2019,0.5113733,12957.9991142218,3.9379425,0.827,Very High,No,No
Croatia,COP24,en,Europe,21,,LDC,S_reg W_dom,2018,0.06618989,15040.0369182791,4.2601137,0.878,Very High,No,No
Sweden,COP24,en,Europe,61,,,W_dom,2018,0.30177888,54589.0603860606,4.136523,0.952,Very High,No,No
Belarus,COP24,translated,Europe,84,,,W_dom,2018,0.29691428,6360.05310087258,6.410857,0.801,Very High,No,No
Lithuania,COP26,en,Europe,277,,,W_dom,2021,0.09033405,23849.6156993566,4.962828,0.879,Very High,No,No
San Marino,COP26,en,Europe,297,,,W_dom,2021,,54982.451714817,,0.867,Very High,No,No
Monaco,COP26,translated,Europe,348,,,W_dom,2021,,235132.784182144,,,,No,No
Hungary,COP27,en,Europe,427,,,W_dom,2022,0.2880225,18390.1849993244,4.449911,0.851,Very High,No,No
Estonia,COP24,en,Europe,23,,,W_int,2018,0.09910801,23165.8494786437,13.527124,0.899,Very High,No,No
Lithuania,COP24,en,Europe,38,,,W_int,2018,0.093855925,19186.359591641,4.6711226,0.879,Very High,No,No
Spain,COP24,en,Europe,58,,,W_int,2018,0.88263446,30379.7211126422,5.740303,0.911,Very High,No,No
Russian Federation,COP25,translated,Europe,188,,,W_int,2019,,11536.2587890625,11.698944,0.821,Very High,No,No
Montenegro,COP26,en,Europe,282,,,W_int,2021,0.0061660586,9465.96153027794,3.670829,0.844,Very High,No,No
Belarus,COP27,en,Europe,408,,,W_int,2022,0.2860479,7888.26371063212,6.1669006,0.801,Very High,No,No
Belgium,COP27,en,Europe,409,,,W_int,2022,0.7183243,49926.8254295305,7.6875386,0.942,Very High,No,No
Greece,COP27,en,Europe,425,,,W_int,2022,0.23654298,20867.2690861087,5.7451057,0.893,Very High,No,No
Romania,COP27,en,Europe,454,,,W_int,2022,0.49261692,15786.8017421977,3.739777,0.827,Very High,No,No
Bosnia and Herzegovina,COP28,en,Europe,511,,,W_int,2022,0.05653278,7568.79847995923,6.1034565,0.779,High,No,No
Montenegro,COP28,en,Europe,547,,,W_int,2022,0.0061661615,10093.4387007266,3.6558185,0.844,Very High,No,No
Poland,COP28,en,Europe,556,,,W_int,2022,1.6077689,18688.0044867103,8.106886,0.881,Very High,No,No
Serbia,COP25,en,Europe,155,,,W_reg,2019,0.16607393,7417.20660836868,5.982725,0.805,Very High,No,No
Slovenia,COP25,en,Europe,158,,LDC,W_reg,2019,0.050975658,26042.4463468032,6.6446157,0.926,Very High,No,No
Barbados,COP24,en,North America,18,,,AG,2018,0.0039782333,18271.2522525099,5.9191213,0.809,Very High,No,Yes
Antigua and Barbuda,COP26,en,North America,230,Yes,,AG,2021,0.0014309766,17178.5437160522,6.400294,0.826,Very High,No,Yes
Barbados,COP26,en,North America,238,,,AG,2021,0.0039664675,17507.4679943101,4.361222,0.809,Very High,No,Yes
Costa Rica,COP26,en,North America,248,,,AG,2021,0.014973306,12604.0488374731,1.4853407,0.806,Very High,No,No
Saint Lucia,COP26,en,North America,309,Yes,,AG,2021,,10916.2270797887,2.5940566,0.725,High,No,Yes
Saint Lucia,COP27,en,North America,456,Yes,,AG,2022,0.0008652417,13030.9284804245,2.6149206,0.725,High,No,Yes
Antigua and Barbuda,COP28,en,North America,500,Yes,,AG,2022,0.0014349581,19919.7266867883,6.4218745,0.826,Very High,No,Yes
Saint Lucia,COP28,en,North America,558,Yes,,AG,2022,0.0008652417,13030.9284804245,2.6149206,0.725,High,No,Yes
Saint Vincent and the Grenadines,COP28,en,North America,559,Yes,,AG,2022,0.00042134413,9125.32477064743,2.2964725,0.772,High,No,Yes
Honduras,COP28,translated,North America,584,,,AG,2022,0.015951514,3040.17304596842,1.0696708,0.624,Medium,No,No
Nicaragua,COP28,translated,North America,585,Yes,,AG,2022,0.010572516,2255.42599496242,0.79879653,0.669,Medium,No,No
Bahamas,COP24,en,North America,13,,,NG,2018,0.010100705,31483.9788408235,6.025971,0.82,Very High,No,Yes
Jamaica,COP24,en,North America,29,Yes,,NG,2018,0.02688824,5594.49357290917,2.8758495,0.706,High,No,Yes
Saint Lucia,COP24,en,North America,60,Yes,,NG,2018,0.00082475576,11563.8304251364,2.8629184,0.725,High,No,Yes
Cuba,COP24,translated,North America,70,Yes,,NG,2018,0.09701003,8831.91040872027,2.0420773,0.764,High,No,Yes
Honduras,COP24,translated,North America,72,Yes,,NG,2018,0.014756078,2457.6860424186,1.0069852,0.624,Medium,No,No
Belize,COP25,en,North America,116,,LDC,NG,2019,0.0011138039,6134.21523305713,1.8173902,0.7,High,No,Yes
Jamaica,COP25,en,North America,131,Yes,,NG,2019,0.026759867,5626.17047314286,2.7803972,0.706,High,No,Yes
Saint Lucia,COP25,en,North America,162,Yes,,NG,2019,,11773.4274818992,2.8106656,0.725,High,No,Yes
Dominica,COP25,translated,North America,174,,,NG,2019,0.00028098334,8561.58701121461,2.4103239,0.74,High,No,Yes
Guatemala,COP25,translated,North America,176,Yes,,NG,2019,0.025462912,4647.80754129437,1.1400281,0.629,Medium,No,No
Honduras,COP25,translated,North America,177,Yes,,NG,2019,0.015101839,2519.36618467309,1.126517,0.624,Medium,No,No
Bahamas,COP26,en,North America,235,,,NG,2021,0.0098554585,28260.4325506367,5.149713,0.82,Very High,No,Yes
Dominica,COP26,en,North America,252,Yes,,NG,2021,0.00028718013,7668.15813216962,2.0959618,0.74,High,No,Yes
Grenada,COP26,en,North America,261,Yes,,NG,2021,0.00049459847,9010.5127999358,2.6466973,0.793,High,No,Yes
Jamaica,COP26,en,North America,268,Yes,,NG,2021,0.026405595,5183.5810181201,2.337014,0.706,High,No,Yes
Saint Vincent and the Grenadines,COP26,en,North America,310,Yes,,NG,2021,,8360.0642393726,2.2671938,0.772,High,No,Yes
Trinidad and Tobago,COP26,en,North America,314,Yes,LDC,NG,2021,0.09235498,16056.3020409273,23.289734,0.814,Very High,No,Yes
Honduras,COP26,translated,North America,326,Yes,,NG,2021,0.01564998,2771.72265387572,1.0541441,0.624,Medium,No,No
Mexico,COP26,translated,North America,327,Yes,,NG,2021,1.1872612,10359.1498625832,3.6998608,0.781,High,No,No
Panama,COP26,translated,North America,329,Yes,,NG,2021,0.018518068,15491.2898013383,2.6906164,0.82,Very High,No,No
Haiti,COP26,translated,North America,343,Yes,,NG,2021,0.0045001693,1823.74222445285,0.2118702,0.552,Medium,Yes,Yes
Antigua and Barbuda,COP27,en,North America,400,Yes,,NG,2022,0.0014349581,19919.7266867883,6.4218745,0.826,Very High,No,Yes
Belize,COP27,en,North America,410,Yes,,NG,2022,0.0011604439,6984.21695968163,1.7894346,0.7,High,No,Yes
Canada,COP27,translated,North America,480,Yes,,NG,2022,1.952385,55522.445687688,14.249212,0.935,Very High,No,No
Haiti,COP27,translated,North America,485,Yes,,NG,2022,0.004543877,1748.25713229469,0.21119381,0.552,Medium,Yes,Yes
Bahamas,COP28,en,North America,505,Yes,,NG,2022,0.009768521,31458.300811739,5.1708703,0.82,Very High,No,Yes
Barbados,COP28,en,North America,506,Yes,,NG,2022,0.0039528906,20238.7842420154,4.3772573,0.809,Very High,No,Yes
Belize,COP28,en,North America,509,Yes,,NG,2022,0.0011604439,6984.21695968163,1.7894346,0.7,High,No,Yes
Costa Rica,COP28,en,North America,515,Yes,,NG,2022,0.015104514,13365.3563992692,1.5226681,0.806,Very High,No,No
Jamaica,COP28,en,North America,530,Yes,,NG,2022,0.026218217,6047.2164567796,2.2945588,0.706,High,No,Yes
Canada,COP28,translated,North America,593,Yes,,NG,2022,1.952385,55522.445687688,14.249212,0.935,Very High,No,No
Haiti,COP28,translated,North America,596,Yes,,NG,2022,0.004543877,1748.25713229469,0.21119381,0.552,Medium,Yes,Yes
Guatemala,COP24,translated,North America,71,,,S_dom,2018,0.02484391,4485.75213495073,1.0979586,0.629,Medium,No,No
Haiti,COP24,translated,North America,78,,,S_dom,2018,0.004307752,1489.57840624271,0.3096648,0.552,Medium,Yes,Yes
Nicaragua,COP25,en,North America,146,Yes,,S_dom,2019,0.010322406,1905.63832831484,0.78370583,0.669,Medium,No,No
Canada,COP24,translated,North America,11,,,S_int,2018,1.9932128,46548.6384108296,15.581538,0.935,Very High,No,No
Barbados,COP27,en,North America,407,Yes,LDC,S_reg W_dom,2022,0.0039528906,20238.7842420154,4.3772573,0.809,Very High,No,Yes
Canada,COP25,en,North America,120,,,W_dom,2019,1.9836148,46374.1527517191,15.41972,0.935,Very High,No,No
El Salvador,COP26,translated,North America,325,,,W_dom,2021,0.013845151,4664.31122268385,1.1858464,0.674,Medium,No,No
Guatemala,COP28,translated,North America,583,,,W_dom,2022,0.027068513,5473.20856444589,1.0756185,0.629,Medium,No,No
Cuba,COP26,translated,North America,323,,,W_dom AG,2021,0.094660975,9499.57250428248,1.8603169,0.764,High,No,Yes
El Salvador,COP25,translated,North America,175,Yes,,W_int,2019,0.01359646,4280.28840404719,1.202131,0.674,Medium,No,No
Nicaragua,COP26,translated,North America,328,,,W_int,2021,0.010479028,2064.92924633583,0.7859384,0.669,Medium,No,No
Bahamas,COP27,en,North America,405,Yes,,W_int AG,2022,0.009768521,31458.300811739,5.1708703,0.82,Very High,No,Yes
Guatemala,COP26,en,North America,262,,,W_reg,2021,0.026542082,5029.47755484093,1.117814,0.629,Medium,No,No
Micronesia,COP24,en,Oceania,43,,,AG,2018,0.08158197,3623.32933678299,1.2879895,0.634,Medium,No,Yes
Nauru,COP26,en,Oceania,284,Yes,,AG,2021,0.00028257252,11632.6925020419,4.270805,0.696,Medium,No,Yes
Palau,COP26,en,Oceania,290,Yes,,AG,2021,0.000620938,12921.8273205171,12.285263,0.797,High,No,Yes
Tuvalu,COP26,en,Oceania,315,Yes,,AG,2021,1.6703982e-05,5372.76023865042,1.0214623,0.653,Medium,Yes,Yes
Micronesia,COP27,en,Oceania,442,Yes,,AG,2022,,3713.95536246102,1.3243006,0.634,Medium,No,Yes
Marshall Islands,COP24,en,Oceania,41,Yes,,NG,2018,0.00019143704,4771.35920442167,3.185256,0.731,High,No,Yes
Solomon Islands,COP24,en,Oceania,55,Yes,,NG,2018,0.0006047158,2450.4828877801,0.43906265,0.562,Medium,Yes,Yes
Tonga,COP24,en,Oceania,63,Yes,,NG,2018,0.00024976901,4649.61330094975,1.2890736,0.739,High,No,Yes
Marshall Islands,COP25,en,Oceania,141,Yes,,NG,2019,0.00019598368,5186.83384237084,3.2750838,0.731,High,No,Yes
Solomon Islands,COP25,en,Oceania,159,Yes,,NG,2019,0.00060887064,2398.77305007963,0.43425184,0.562,Medium,Yes,Yes
Tonga,COP25,en,Oceania,167,Yes,,NG,2019,0.00025389795,4878.97868604087,1.5359025,0.739,High,No,Yes
Papua New Guinea,COP26,en,Oceania,264,Yes,,NG,2021,0.0107894,2624.60411021362,0.7986589,0.568,Medium,No,Yes
Marshall Islands,COP26,en,Oceania,279,Yes,,NG,2021,0.00020512842,6130.4371365469,3.6348102,0.731,High,No,Yes
Niue,COP26,en,Oceania,287,Yes,,NG,2021,1.6694821e-05,,3.9075115,,,No,Yes
Samoa,COP26,en,Oceania,296,Yes,LDC,NG,2021,0.0004065397,3857.68974206459,1.153368,0.702,High,No,Yes
Kiribati,COP27,en,Oceania,436,Yes,,NG,2022,0.000121182085,1701.97066488808,0.5184742,0.628,Medium,Yes,Yes
New Zealand,COP27,en,Oceania,448,Yes,,NG,2022,0.10994452,48418.5916631992,6.212154,0.939,Very High,No,No
Niue,COP27,en,Oceania,450,Yes,,NG,2022,1.6771415e-05,,3.8729508,,,No,Yes
Palau,COP27,en,Oceania,452,Yes,,NG,2022,0.00062029343,12921.8273205171,12.123921,0.797,High,No,Yes
Solomon Islands,COP27,en,Oceania,461,Yes,,NG,2022,0.0006216531,2205.25180509148,0.41232163,0.562,Medium,Yes,Yes
Tonga,COP27,en,Oceania,469,Yes,,NG,2022,0.00027006882,4425.97149198516,1.7686282,0.739,High,No,Yes
Tuvalu,COP27,en,Oceania,470,Yes,,NG,2022,1.6993597e-05,5221.53279904243,1.0004411,0.653,Medium,Yes,Yes
Vanuatu,COP27,en,Oceania,472,Yes,,NG,2022,0.00029515373,3231.35129995571,0.6363055,0.614,Medium,No,Yes
Australia,COP28,en,Oceania,502,Yes,,NG,2022,1.0877887,65099.8459118981,14.985412,0.946,Very High,No,No
Kiribati,COP28,en,Oceania,535,Yes,,NG,2022,0.000121182085,1701.97066488808,0.5184742,0.628,Medium,Yes,Yes
Micronesia,COP28,en,Oceania,544,Yes,,NG,2022,,3713.95536246102,1.3243006,0.634,Medium,No,Yes
New Zealand,COP28,en,Oceania,551,Yes,,NG,2022,0.10994452,48418.5916631992,6.212154,0.939,Very High,No,No
Niue,COP28,en,Oceania,552,Yes,,NG,2022,1.6771415e-05,,3.8729508,,,No,Yes
Palau,COP28,en,Oceania,554,Yes,,NG,2022,0.00062029343,12921.8273205171,12.123921,0.797,High,No,Yes
Solomon Islands,COP28,en,Oceania,566,Yes,,NG,2022,0.0006216531,2205.25180509148,0.41232163,0.562,Medium,Yes,Yes
Tonga,COP28,en,Oceania,573,Yes,,NG,2022,0.00027006882,4425.97149198516,1.7686282,0.739,High,No,Yes
Tuvalu,COP28,en,Oceania,576,Yes,,NG,2022,1.6993597e-05,5221.53279904243,1.0004411,0.653,Medium,Yes,Yes
Australia,COP24,en,Oceania,12,,,S_dom,2018,1.0876006,57273.5204750079,16.627844,0.946,Very High,No,No
Australia,COP25,en,Oceania,114,,,S_dom,2019,1.0883797,55049.571919719,16.398174,0.946,Very High,No,No
Australia,COP26,en,Oceania,232,,,S_int,2021,1.0884702,60697.2454358579,14.914762,0.946,Very High,No,No
Australia,COP27,en,Oceania,402,,,W_dom,2022,1.0877887,65099.8459118981,14.985412,0.946,Very High,No,No
Vanuatu,COP26,en,Oceania,317,,,W_dom AG,2021,0.00028949266,3044.57364031957,0.6588834,0.614,Medium,No,Yes
New Zealand,COP25,en,Oceania,145,,,W_int,2019,0.111089066,42796.4305818389,7.4367194,0.939,Very High,No,No
Samoa,COP25,en,Oceania,154,,,W_int,2019,0.00039438964,4308.3007294066,1.2794564,0.702,High,No,Yes
Tonga,COP26,en,Oceania,313,,,W_int,2021,0.00026495982,4425.97149198516,1.8028463,0.739,High,No,Yes
Bolivia,COP24,translated,South America,69,,,AG,2018,0.03063395,3471.0069506501,1.9386426,0.698,Medium,No,No
Suriname,COP25,en,South America,163,Yes,,AG,2019,0.0068797716,6690.04478601228,4.390763,0.69,Medium,No,Yes
Venezuela,COP25,translated,South America,180,Yes,,AG,2019,0.44668606,,3.024043,0.699,Medium,No,No
Venezuela,COP26,translated,South America,332,Yes,,AG,2021,0.43589744,,2.5394876,0.699,Medium,No,No
Ecuador,COP28,translated,South America,581,Yes,,AG,2022,0.07330046,6391.28248430643,2.3117273,0.765,High,No,No
Argentina,COP24,translated,South America,68,Yes,,NG,2018,0.49706456,11795.1627452798,4.066307,0.849,Very High,No,No
Chile,COP25,translated,South America,172,Yes,,NG,2019,0.17022602,14632.6903076927,4.8308606,0.86,Very High,No,No
Peru,COP25,translated,South America,178,Yes,,NG,2019,0.110685915,6955.88082448096,1.7780743,0.762,High,No,No
Chile,COP26,translated,South America,322,Yes,,NG,2021,0.17293103,16240.6077759729,4.5675793,0.86,Very High,No,No
Suriname,COP27,en,South America,466,Yes,,NG,2022,0.0070314966,5858.82466074423,5.8029985,0.69,Medium,No,Yes
Peru,COP27,translated,South America,477,Yes,,NG,2022,0.113152966,7125.82993135746,1.7891879,0.762,High,No,No
Paraguay,COP28,translated,South America,586,Yes,,NG,2022,0.011019608,6153.05565720044,1.3299496,0.731,High,No,No
Peru,COP28,translated,South America,587,Yes,,NG,2022,0.113152966,7125.82993135746,1.7891879,0.762,High,No,No
Paraguay,COP27,translated,South America,475,,,S_dom,2022,0.011019608,6153.05565720044,1.3299496,0.731,High,No,No
Guyana,COP28,en,South America,526,,,S_dom W_int,2022,0.0061479663,18199.4748396968,4.3736935,0.742,High,No,Yes
Brazil,COP26,en,South America,244,,LDC,S_dom W_reg,2021,0.9617524,7696.78483012849,2.3198576,0.76,High,No,No
Paraguay,COP24,translated,South America,73,,,W_dom,2018,0.009931908,6242.96145417898,1.3037562,0.731,High,No,No
Uruguay,COP25,translated,South America,179,Yes,,W_dom,2019,0.02195526,18098.361548609,1.8929877,0.83,Very High,No,No
Peru,COP26,translated,South America,330,,,W_dom,2021,0.112064935,6635.46414809173,1.6749027,0.762,High,No,No
Bolivia,COP25,translated,South America,173,,,W_int,2019,0.03131057,3472.38083136442,1.9193769,0.698,Medium,No,No
Ecuador,COP26,translated,South America,324,,,W_int,2021,0.07247184,5965.13287054416,2.2324002,0.765,High,No,No
Suriname,COP28,en,South America,568,,,W_reg,2022,0.0070314966,5858.82466074423,5.8029985,0.69,Medium,No,Yes
Vatican,COP26,en,Europe,318,Yes,,AG,2021,,,,,,No,No
Vatican,COP24,en,Europe,67,,,NG,2018,,,,,,No,No
Vatican,COP25,en,Europe,121,Yes,,NG,2019,,,,,,No,No
St Kitts and Nevis,COP26,en,North America,308,Yes,,NG,2021,,18035.3861402469,4.669984,0.838,Very High,No,Yes
St Kitts and Nevis,COP27,en,North America,465,Yes,,NG,2022,,20262.2671364514,4.708081,0.838,Very High,No,Yes
Timor-Leste,COP28,en,Asia,572,Yes,,NG,2022,,2389.2958750343,0.49869007,0.566,Medium,Yes,Yes
Democratic Republic of Congo,COP26,translated,Africa,340,,,S_int,2021,0.012645643,576.974729394136,0.041094083,0.481,Low,Yes,No
Vatican,COP28,translated,Europe,588,,LDC,W_reg AG,2022,,,,,,No,No
